County,District,Rep,Dem,Other
Candler,12,3407,1064,0
Bleckley,8,4757,1098,0
Glascock,12,1489,119,0
Johnson,12,2912,907,0
Wheeler,12,1631,543,0
Echols,8,1261,114,0
Miller,2,1833,844,0
Taliaferro,10,402,423,0
Jenkins,12,2281,1059,0
Talbot,2,1431,1916,0
Atkinson,8,2277,606,0
Clay,2,613,797,0
Chattahoochee,2,887,771,0
Macon,2,1803,2813,0
Pierce,1,8626,891,0
Schley,2,1843,552,0
Webster,2,735,586,0
Calhoun,2,713,1316,0
Turner,8,2696,1036,0
Treutlen,12,2238,725,0
Seminole,2,2640,1320,0
McDuffie,12,6695,3654,0
Mitchell,2,4579,4239,0
Clinch,8,2109,545,0
Laurens,12,15744,6935,0
Washington,12,4730,4058,0
Baker,2,722,730,0
Stewart,2,724,1275,0
Crisp,8,5238,2520,0
Dooly,2,1982,2095,0
Quitman,2,590,516,0
Tift,8,12365,4176,0
Montgomery,12,3054,804,0
Marion,2,2170,1423,0
Walker,14,23417,8029,0
Grady,2,6975,3570,0
Thomas,2,13119,8566,0
Jones,8,11407,4420,0
Baldwin,8,9810,8062,0
Twiggs,8,2596,1665,0
Decatur,2,6599,4768,0
Wilkes,10,616,263,0
Wilkes,12,2362,1676,0
McIntosh,1,4939,2245,0
Cook,8,5500,1670,0
Crawford,2,4456,1798,0
Emanuel,12,6979,2309,0
Douglas,3,12088,10503,0
Douglas,6,11764,35438,0
Evans,12,3046,1049,0
Oglethorpe,10,6300,2340,0
Newton,10,15656,9039,0
Newton,13,9130,23934,0
Liberty,1,10531,11926,0
Dawson,7,16261,2924,0
Warren,12,1279,1216,0
Catoosa,14,24936,9349,0
Habersham,9,19126,3694,0
Ware,1,10437,3509,0
Bacon,1,4157,505,0
Terrell,2,1850,2459,0
Glynn,1,28776,14141,0
Jefferson,12,3908,3215,0
Banks,9,9292,1030,0
Towns,9,7156,1466,0
Rockdale,13,11297,32836,0
Irwin,8,3412,814,0
Fayette,3,36320,27348,0
Fayette,6,3015,7177,0
Gilmer,9,14871,2979,0
Fannin,9,13164,2390,0
Muscogee,2,20770,44118,0
Muscogee,3,9142,5571,0
Heard,3,5282,805,0
Stephens,9,10594,2193,0
Oconee,10,19640,7489,0
Camden,1,18110,7637,0
Jackson,9,36825,9519,0
Clarke,10,17515,34428,0
Randolph,2,1202,1754,0
Hart,10,11017,2774,0
Haralson,3,14127,1950,0
Carroll,3,42642,16912,0
Madison,10,13006,3444,0
Telfair,8,2930,1039,0
Lincoln,12,3627,1155,0
Tattnall,12,6539,1688,0
Harris,3,16416,5628,0
Chatham,1,64221,74538,0
Hall,7,30341,9585,0
Hall,9,43891,16313,0
Wayne,1,11003,2288,0
Houston,2,7779,10496,0
Houston,8,38947,22885,0
Whitfield,14,25707,13174,0
Bryan,1,17404,6815,0
Gordon,11,22274,4125,0
Burke,12,6244,4538,0
Chattooga,14,7998,2524,0
Upson,3,9531,3785,0
Morgan,10,9824,3084,0
Berrien,8,6862,969,0
Paulding,14,55489,37860,0
Worth,8,7128,1900,0
Dade,14,6262,1712,0
Jeff Davis,8,4683,865,0
Floyd,14,29056,14685,0
Union,9,14584,2857,0
Spalding,3,19313,12979,0
Screven,12,4440,2285,0
Pike,3,10835,1532,0
Bulloch,12,21382,10607,0
Troup,3,19613,11094,0
Jasper,10,7333,1652,0
Ben Hill,8,4428,1895,0
Hancock,10,1491,2476,0
Coweta,3,58035,26556,0
Lamar,3,7568,2612,0
Charlton,1,3661,807,0
Meriwether,3,7406,4085,0
Elbert,10,6896,2391,0
Brantley,1,7603,641,0
Gwinnett,4,32675,48392,0
Gwinnett,9,79134,74962,0
Gwinnett,10,6855,7405,0
Gwinnett,13,58356,104839,0
Toombs,12,8232,2362,0
Effingham,1,19744,5772,0
Effingham,12,7643,2318,0
Butts,10,9730,2991,0
Early,2,2513,2290,0
Colquitt,8,12807,3419,0
Walton,10,43028,14452,0
Lumpkin,7,14249,3060,0
Pulaski,8,3110,1018,0
Lee,2,11824,5739,0
Columbia,12,56354,28720,0
White,9,14204,2367,0
DeKalb,4,41396,180898,0
DeKalb,5,23068,103129,0
DeKalb,13,550,9616,0
Appling,1,6697,1315,0
Dodge,8,6329,1672,0
Bartow,11,43971,11740,0
Pickens,11,17347,2743,0
Barrow,10,31115,12032,0
Forsyth,7,96175,40173,0
Dougherty,2,9052,24658,0
Bibb,2,12415,30073,0
Bibb,8,14761,10839,0
Putnam,10,9371,3224,0
Clayton,5,7218,47263,0
Clayton,13,8334,46529,0
Lowndes,8,28928,17684,0
Franklin,10,10402,1432,0
Lanier,8,2750,837,0
Wilcox,8,2530,718,0
Greene,10,8775,3661,0
Coffee,8,11134,3797,0
Fulton,5,18935,144078,0
Fulton,6,40349,138788,0
Fulton,7,95223,87919,0
Sumter,2,5442,6562,0
Polk,14,14494,4297,0
Rabun,9,8221,1984,0
Murray,14,13882,3153,0
Long,1,4667,2251,0
Monroe,8,13234,4065,0
Richmond,12,29633,52411,0
Cobb,6,38781,95624,0
Cobb,11,93860,79247,0
Cobb,14,42205,39976,0
Brooks,8,4599,2344,0
Cherokee,7,23658,5874,0
Cherokee,11,92397,33209,0
Peach,2,6764,6520,0
Henry,3,4718,7389,0
Henry,10,27470,35274,0
Henry,13,13063,39148,0
Wilkinson,8,2959,1762,0
Taylor,2,2448,1464,0
